nombre,popularity,artista,pais,genero
Mi Refe,84,"Be√©le, Ovy On The Drums",ES,NULL
That‚Äôs So True - Live From Radio City Music Hall,19,Gracie Abrams,ES,NULL
GRAN V√çA,75,"Quevedo, Aitana",ES,NULL
Hurt,11,OneRepublic,ES,NULL
capaz (merengueton),80,"Alleh, Yorghaki",ES,NULL
Risk - Live From The Tonight Show With Jimmy Fallon,8,Gracie Abrams,ES,NULL
capaz (merengueton),82,"Alleh, Yorghaki",ES,NULL
Cono Hielo,1,"CA7RIEL & Paco Amoroso, CA7RIEL, Paco Amoroso",ES,NULL
Si Antes Te Hubiera Conocido,88,KAROL G,ES,NULL
"J.S. Bach: Violin Partita No. 2 in D Minor, BWV 1004 - I. Allemanda",3,"Johann Sebastian Bach, Carolin Widmann",ES,NULL
el ingeniero,77,"Alleh, Yorghaki",ES,NULL
DUMBAI,1,"CA7RIEL & Paco Amoroso, CA7RIEL, Paco Amoroso",ES,NULL
Yo s√©,77,"Yan Block, TORRRES",ES,NULL
Circles,7,SAINt JHN,ES,NULL
Qu√© Pasar√≠a...,86,"Rauw Alejandro, Bad Bunny",ES,NULL
"Rachmaninov: Rhapsody on a Theme of Paganini, Op. 43: Variation 18 (Andante cantabile)",3,"Sergei Rachmaninoff, Martin James Bartlett, Joshua Weilerstein, London Philharmonic Orchestra",ES,NULL
una noche,75,"Alleh, Yorghaki",ES,NULL
Family Feud - Live at The Ford,2,FINNEAS,ES,NULL
Imag√≠nate,83,"Danny Ocean, Kapo",ES,NULL
Ciao,0,"Rouss, Walls",ES,NULL
Se Pone Las Nike,70,Cano,ES,NULL
TV - Live From Singapore‚Äôs Cloud Forest,2,Billie Eilish,ES,NULL
IA,74,"Clarent, Mora",ES,NULL
BABY GANGSTA,1,"CA7RIEL & Paco Amoroso, CA7RIEL, Paco Amoroso",ES,NULL
Q U E V A S H A C E R H O Y ?,81,"Omar Courtz, De La Rose",ES,NULL
All We Got (feat. KIDDO),15,"Robin Schulz, KIDDO",ES,NULL
DEGENERE üëë (feat. benny blanco),80,"Myke Towers, benny blanco",ES,NULL
Adiquerala - Buler√≠a,0,"Kiki Morente, Carlos De La Jacoba",ES,NULL
Te Regalo,74,"Rels B, J Abecia",ES,NULL
Passenger Princess,5,"Amin√©, Smino",ES,NULL
SE FUE,71,"Moncho Chavea, Morad",ES,NULL
MR. MOONDIAL,70,"Quevedo, Pitbull",ES,NULL
Aimer √† moiti√©,2,Calema,ES,NULL
STAR,68,JC Reyes,ES,NULL
Rodeo (Remix),9,"Lah Pat, Flo Milli",ES,NULL
Die With A Smile,96,"Lady Gaga, Bruno Mars",ES,NULL
La Carta Que Nunca Te Escrib√≠ - Remix,0,"Lu Decker, Dudi",ES,NULL
"Luck Ra: Bzrp Music Sessions, Vol. 61",77,"Bizarrap, Luck Ra",ES,NULL
Pasatiempo,5,"La China, ECKO",ES,NULL
Duro De Verdad pt.2,68,"Los Sufridos, Bad Gyal",ES,NULL
Tuck Your Chain,0,"Money Man, Danny Towers",ES,NULL
Luna llena,69,Beny Jr,ES,NULL
Tussi Code Mari,5,"Marcianeke, Crismj",ES,NULL
LUNA,84,"Feid, ATL Jacob",ES,NULL
Party Jumpin‚Äô,3,"Jamie Brown, Marshmello",ES,NULL
Hm Hm Hm - Remix,68,"Rvfv, Youka, Wesh Music",ES,NULL
TRES - Cortometraje,1,Bratty,ES,NULL
Ohnana,77,Kapo,ES,NULL
Don't Play by the Rules,3,"D.T.E, PREZIOSO",ES,NULL
NANANI NANANA,74,Gazo,FR,NULL
Happier Than Ever - Live From Disney‚Äôs Happier Than Ever/A Love Letter to Los Angeles,2,Billie Eilish,FR,NULL
CIEL,73,GIMS,FR,NULL
TV - Live From Singapore‚Äôs Cloud Forest,2,Billie Eilish,FR,NULL
Die With A Smile,96,"Lady Gaga, Bruno Mars",FR,NULL
"J.S. Bach: Violin Partita No. 2 in D Minor, BWV 1004 - I. Allemanda",3,"Johann Sebastian Bach, Carolin Widmann",FR,NULL
4 Kamp√©,73,Jo√© Dw√®t Fil√©,FR,NULL
Silverlines Orchestral Version,0,Damiano David,FR,NULL
CARTIER SANTOS,72,SDM,FR,NULL
Love Of Mine,0,Imagine Dragons,FR,NULL
CIEL,71,GIMS,FR,NULL
Don't Play by the Rules,3,"D.T.E, PREZIOSO",FR,NULL
Minimum √ßa,71,Dr. Yaro,FR,NULL
That‚Äôs So True - Live From Radio City Music Hall,19,Gracie Abrams,FR,NULL
APT.,91,"ROS√â, Bruno Mars",FR,NULL
Rid Of Me - Live,3,Still Woozy,FR,NULL
POUR ELLE,70,SDM,FR,NULL
Babylon - Live,3,Tamino,FR,NULL
BIRDS OF A FEATHER,93,Billie Eilish,FR,NULL
Family Feud - Live at The Ford,2,FINNEAS,FR,NULL
√áa parle mal,70,Bouss,FR,NULL
Full Round Table,0,CQ Wrestling,FR,NULL
Mauvais Gar√ßon,70,Helena,FR,NULL
‡∏Ç‡∏≠‡∏ö‡∏Ñ‡∏∏‡∏ì‡∏ó‡∏µ‡πà‡πÄ‡∏•‡∏¥‡∏Å‡∏Å‡∏±‡∏ô,0,"KLEAR, Tilly Birds",FR,NULL
SOIS PAS TIMIDE,71,GIMS,FR,NULL
City,0,Tommy Saint,FR,NULL
Si Antes Te Hubiera Conocido,88,KAROL G,FR,NULL
‡∏´‡∏≤‡∏Å‡∏±‡∏ô‡∏à‡∏ô‡πÄ‡∏à‡∏≠ (‡∏ã‡∏ô‡∏ã‡∏ô 40 ‡∏õ‡∏µ GMM GRAMMY),0,"‡∏û‡∏•‡∏û‡∏•, Punch",FR,NULL
DIANA,70,GIMS,FR,NULL
‡∏≠‡∏¢‡πà‡∏≤‡∏á‡∏ó‡∏µ‡πà‡∏â‡∏±‡∏ô‡∏ô‡∏±‡πâ‡∏ô‡πÄ‡∏õ‡πá‡∏ô‡∏Ç‡∏≠‡∏á‡πÄ‡∏ò‡∏≠ (I'm Yours),0,"Sonya Saranphat, Lookmhee Punyapat",FR,NULL
Born With a Broken Heart,77,Damiano David,FR,NULL
‡πÄ‡∏û‡∏¥‡πà‡∏á‡∏£‡∏π‡πâ(Never Knew),0,"Earth Pirapat, Mix Sahaphap",FR,NULL
SPIDER,71,"GIMS, DYSTINCT",FR,NULL
‡πÑ‡∏°‡πà‡∏ï‡πâ‡∏≠‡∏á‡∏Å‡∏≤‡∏£ Your Love (feat. DABOYWAY),0,"MATCHA, DABOYWAY",FR,NULL
Messy,86,Lola Young,FR,NULL
"2001 // Life Is Yours - The Colour Wheel Session , London 2022",0,Foals,FR,NULL
Ma Meilleure Ennemie (from the series Arcane League of Legends),79,"Stromae, Pomme, Arcane",FR,NULL
‡∏•‡∏ö‡∏¢‡∏±‡∏á (Re-Move On),0,"GEMINI, FOURTH",FR,NULL
SOIS PAS TIMIDE,69,GIMS,FR,NULL
Party Jumpin‚Äô,3,"Jamie Brown, Marshmello",FR,NULL
Collabo,68,"Ninho, Niska",FR,NULL
Lindo Momento,22,Julliany Souza,FR,NULL
CARR√â OK,69,"Soolking, GIMS",FR,NULL
All We Got (feat. KIDDO),15,"Robin Schulz, KIDDO",FR,NULL
That‚Äôs So True,92,Gracie Abrams,FR,NULL
Hurt,11,OneRepublic,FR,NULL
Alpha,67,"Damso, Kalash",FR,NULL
Seu Astral / Mist√©rios,12,Fiorella,FR,NULL
Forever Young,77,"David Guetta, Alphaville, Ava Max",FR,NULL
Rodeo (Remix),9,"Lah Pat, Flo Milli",FR,NULL
Die With A Smile,96,"Lady Gaga, Bruno Mars",MC,NULL
Oublier,1,Rsko,MC,NULL
BIRDS OF A FEATHER,93,Billie Eilish,MC,NULL
Little Window - Live Studio Session,3,FINNEAS,MC,NULL
Not Like Us,92,Kendrick Lamar,MC,NULL
That‚Äôs So True - Live From Radio City Music Hall,19,Gracie Abrams,MC,NULL
That‚Äôs So True,92,Gracie Abrams,MC,NULL
All We Got (feat. KIDDO),15,"Robin Schulz, KIDDO",MC,NULL
Clean Baby Sleep White Noise (Loopable),91,"Dream Supplier, Baby Sleeps, Background White Noise",MC,NULL
Hurt,11,OneRepublic,MC,NULL
APT.,91,"ROS√â, Bruno Mars",MC,NULL
Passenger Princess,5,"Amin√©, Smino",MC,NULL
tv off (feat. lefty gunplay),90,"Kendrick Lamar, Lefty Gunplay",MC,NULL
Dead Flowers,0,Boldy James,MC,NULL
WILDFLOWER,90,Billie Eilish,MC,NULL
I Ain't Sayin' - Performance,2,Jordan Davis,MC,NULL
Sailor Song,89,Gigi Perez,MC,NULL
Family Feud - Live at The Ford,2,FINNEAS,MC,NULL
"Good Luck, Babe!",89,Chappell Roan,MC,NULL
What A Woman Can Do - Acoustic,0,Maddie & Tae,MC,NULL
luther (with sza),89,"Kendrick Lamar, SZA",MC,NULL
Lindo Momento,22,Julliany Souza,MC,NULL
luther (with sza),88,"Kendrick Lamar, SZA",MC,NULL
Seu Astral / Mist√©rios,12,Fiorella,MC,NULL
DENIAL IS A RIVER,88,Doechii,MC,NULL
Rodeo (Remix),9,"Lah Pat, Flo Milli",MC,NULL
Si Antes Te Hubiera Conocido,88,KAROL G,MC,NULL
Risk - Live From The Tonight Show With Jimmy Fallon,8,Gracie Abrams,MC,NULL
APT.,87,"ROS√â, Bruno Mars",MC,NULL
Circles,7,SAINt JHN,MC,NULL
squabble up,87,Kendrick Lamar,MC,NULL
04:30,7,"Haze, Mucco",MC,NULL
Timeless (feat. Playboi Carti),87,"The Weeknd, Playboi Carti",MC,NULL
Selfmade Babylon,7,"Bausa, Bozza",MC,NULL
"One Of The Girls (with JENNIE, Lily Rose Depp)",87,"The Weeknd, JENNIE, Lily-Rose Depp",MC,NULL
Standard,6,"Einar, A36",MC,NULL
Like Him (feat. Lola Young),87,"Tyler, The Creator, Lola Young",MC,NULL
Tussi Code Mari,5,"Marcianeke, Crismj",MC,NULL
Messy,86,Lola Young,MC,NULL
Pasatiempo,5,"La China, ECKO",MC,NULL
blue,86,yung kai,MC,NULL
Das riecht gut / √áa Sent Bon,4,"Team Karacho, Roger Rekless",MC,NULL
Qu√© Pasar√≠a...,86,"Rauw Alejandro, Bad Bunny",MC,NULL
Du≈ºo Ciebie Mi,3,Lemon,MC,NULL
Taste,86,Sabrina Carpenter,MC,NULL
Babylon - Live,3,Tamino,MC,NULL
Loco,86,Neton Vega,MC,NULL
"Fam*ly (feat. Tiji Jojo, DADA & LEX)",4,"BAD HOP, Tiji Jojo, Dada, LEX",MC,NULL
Who,86,Jimin,MC,NULL
Happier Than Ever - Live From Disney‚Äôs Happier Than Ever/A Love Letter to Los Angeles,2,Billie Eilish,MC,NULL
Scarabocchi,72,"Olly, Juli",IT,NULL
That‚Äôs So True - Live From Radio City Music Hall,19,Gracie Abrams,IT,NULL
BUIO DAVANTI,70,Lazza,IT,NULL
Hurt,11,OneRepublic,IT,NULL
VERTEBRE,69,SETTEMBRE,IT,NULL
All We Got (feat. KIDDO),15,"Robin Schulz, KIDDO",IT,NULL
Quei ricordi l√†,69,"Olly, Juli",IT,NULL
Risk - Live From The Tonight Show With Jimmy Fallon,8,Gracie Abrams,IT,NULL
GLI SBANDATI HANNO PERSO,69,Marracash,IT,NULL
Ferrari (feat. Luciano),0,"Capo Plaza, Luciano",IT,NULL
Amore Disperato,69,Achille Lauro,IT,NULL
Circles,7,SAINt JHN,IT,NULL
LEI,68,Marracash,IT,NULL
Rodeo (Remix),9,"Lah Pat, Flo Milli",IT,NULL
BAMBOLA (feat. Niky Savage),68,"Artie 5ive, Niky Savage",IT,NULL
Passenger Princess,5,"Amin√©, Smino",IT,NULL
Devastante,68,"Olly, Juli",IT,NULL
"Rachmaninov: Rhapsody on a Theme of Paganini, Op. 43: Variation 18 (Andante cantabile)",3,"Sergei Rachmaninoff, Martin James Bartlett, Joshua Weilerstein, London Philharmonic Orchestra",IT,NULL
Tu Me Quieres - Prod. by Higashi x Roberto Ferrante,69,"Baby Gang, Omega, Higashi, Roberto Ferrante",IT,NULL
Still countin / Poppin,0,Yeat,IT,NULL
Die With A Smile,96,"Lady Gaga, Bruno Mars",IT,NULL
Don't Play by the Rules,3,"D.T.E, PREZIOSO",IT,NULL
Si Antes Te Hubiera Conocido,88,KAROL G,IT,NULL
Un'estate normale,0,Nek,IT,NULL
That‚Äôs So True,92,Gracie Abrams,IT,NULL
EA2 (The Beginning of the Era),1,Lil Uzi Vert,IT,NULL
Born With a Broken Heart,77,Damiano David,IT,NULL
"J.S. Bach: Violin Partita No. 2 in D Minor, BWV 1004 - I. Allemanda",3,"Johann Sebastian Bach, Carolin Widmann",IT,NULL
APT.,91,"ROS√â, Bruno Mars",IT,NULL
Family Feud - Live at The Ford,2,FINNEAS,IT,NULL
Not Like Us,92,Kendrick Lamar,IT,NULL
Ghosts / Slowing Down,0,Scarlet House,IT,NULL
BIRDS OF A FEATHER,93,Billie Eilish,IT,NULL
XI COMANDAMENTO - VASCO LIVE XXII,0,Vasco Rossi,IT,NULL
Sailor Song,89,Gigi Perez,IT,NULL
Rid Of Me - Live,3,Still Woozy,IT,NULL
Gata Only,82,"FloyyMenor, Cris Mj",IT,NULL
Mentalit√† di mare,0,Ivan,IT,NULL
tv off (feat. lefty gunplay),90,"Kendrick Lamar, Lefty Gunplay",IT,NULL
Il cielo di Roma - Live Session,0,Orang3,IT,NULL
Messy,86,Lola Young,IT,NULL
Ana Wingii,0,Wingii,IT,NULL
"Good Luck, Babe!",89,Chappell Roan,IT,NULL
Glass: Philip Glass: Les enfants terribles: The Somnambulist - Part 2,0,"Philip Glass, Katia & Marielle Lab√®que",IT,NULL
Move,80,"Adam Port, Stryv, Keinemusik, Orso, Malachiii",IT,NULL
Babylon - Live,3,Tamino,IT,NULL
Q U E V A S H A C E R H O Y ?,81,"Omar Courtz, De La Rose",IT,NULL
Tuck Your Chain,0,"Money Man, Danny Towers",IT,NULL
Timeless (feat. Playboi Carti),87,"The Weeknd, Playboi Carti",IT,NULL
Dead Flowers,0,Boldy James,IT,NULL
Die With A Smile,96,"Lady Gaga, Bruno Mars",SI,NULL
That‚Äôs So True - Live From Radio City Music Hall,19,Gracie Abrams,SI,NULL
BASS,61,"Jala Brat, Buba Corelli",SI,NULL
Hurt,11,OneRepublic,SI,NULL
BLAKA BLAKA,60,"Jala Brat, Buba Corelli, Elena",SI,NULL
Babylon - Live,3,Tamino,SI,NULL
"Anƒëeo - From ""Sram""",57,"Miach, Hiljson Mandela",SI,NULL
Risk - Live From The Tonight Show With Jimmy Fallon,8,Gracie Abrams,SI,NULL
That‚Äôs So True,92,Gracie Abrams,SI,NULL
"Rachmaninov: Rhapsody on a Theme of Paganini, Op. 43: Variation 18 (Andante cantabile)",3,"Sergei Rachmaninoff, Martin James Bartlett, Joshua Weilerstein, London Philharmonic Orchestra",SI,NULL
BIRDS OF A FEATHER,93,Billie Eilish,SI,NULL
All We Got (feat. KIDDO),15,"Robin Schulz, KIDDO",SI,NULL
Voice,57,Nucci,SI,NULL
Don't Play by the Rules,3,"D.T.E, PREZIOSO",SI,NULL
SEXDRIVE,59,"Jala Brat, Buba Corelli",SI,NULL
Bank of Wildflowers (feat. Georgia),0,"William Orbit, Georgia",SI,NULL
KEHLANI,58,"Jala Brat, Buba Corelli",SI,NULL
Rodeo (Remix),9,"Lah Pat, Flo Milli",SI,NULL
Fantazija,55,"Gr≈°e, Miach",SI,NULL
Passenger Princess,5,"Amin√©, Smino",SI,NULL
Bez Koda,56,"Jala Brat, Buba Corelli",SI,NULL
Family Feud - Live at The Ford,2,FINNEAS,SI,NULL
Sailor Song,89,Gigi Perez,SI,NULL
Little Window - Live Studio Session,3,FINNEAS,SI,NULL
Palme,51,"Ano, Mili",SI,NULL
04:30,7,"Haze, Mucco",SI,NULL
VVS,53,"Voyage, BakaPrase",SI,NULL
EA2 (The Beginning of the Era),1,Lil Uzi Vert,SI,NULL
Not Like Us,92,Kendrick Lamar,SI,NULL
Playa (feat. Ella Bands),1,"A Boogie Wit da Hoodie, Ella Bands",SI,NULL
Forza,53,Gr≈°e,SI,NULL
Full Round Table,0,CQ Wrestling,SI,NULL
VRATI JE TATI,56,"Jala Brat, Buba Corelli",SI,NULL
Vivien,1,‚Ä†‚Ä†‚Ä† (Crosses),SI,NULL
APT.,91,"ROS√â, Bruno Mars",SI,NULL
Dead Flowers,0,Boldy James,SI,NULL
KINGSTON,56,"Jala Brat, Buba Corelli",SI,NULL
Circles,7,SAINt JHN,SI,NULL
Mangio Pasta,53,"Peki, Gr≈°e",SI,NULL
DUMBAI,1,"CA7RIEL & Paco Amoroso, CA7RIEL, Paco Amoroso",SI,NULL
Karneval II,53,Sajfer,SI,NULL
Swimming with Sharks,0,New Hope Club,SI,NULL
tv off (feat. lefty gunplay),90,"Kendrick Lamar, Lefty Gunplay",SI,NULL
I Ain't Sayin' - Performance,2,Jordan Davis,SI,NULL
WILDFLOWER,90,Billie Eilish,SI,NULL
Cono Hielo,1,"CA7RIEL & Paco Amoroso, CA7RIEL, Paco Amoroso",SI,NULL
MAKAROV,56,"Jala Brat, Buba Corelli",SI,NULL
Uzi The Earthling! (TV Show Theme),0,Lil Uzi Vert,SI,NULL
BLUR,55,"Jala Brat, Buba Corelli",SI,NULL
Poca Fe (En vivo desde Santiago),0,Cami,SI,NULL
BASS,61,"Jala Brat, Buba Corelli",HR,NULL
That‚Äôs So True - Live From Radio City Music Hall,19,Gracie Abrams,HR,NULL
"Anƒëeo - From ""Sram""",57,"Miach, Hiljson Mandela",HR,NULL
Risk - Live From The Tonight Show With Jimmy Fallon,8,Gracie Abrams,HR,NULL
BLAKA BLAKA,60,"Jala Brat, Buba Corelli, Elena",HR,NULL
Aimer √† moiti√©,2,Calema,HR,NULL
SEXDRIVE,59,"Jala Brat, Buba Corelli",HR,NULL
All We Got (feat. KIDDO),15,"Robin Schulz, KIDDO",HR,NULL
KEHLANI,58,"Jala Brat, Buba Corelli",HR,NULL
"Rachmaninov: Rhapsody on a Theme of Paganini, Op. 43: Variation 18 (Andante cantabile)",3,"Sergei Rachmaninoff, Martin James Bartlett, Joshua Weilerstein, London Philharmonic Orchestra",HR,NULL
VRATI JE TATI,56,"Jala Brat, Buba Corelli",HR,NULL
Hurt,11,OneRepublic,HR,NULL
Bez Koda,56,"Jala Brat, Buba Corelli",HR,NULL
04:30,7,"Haze, Mucco",HR,NULL
Bajadeira,52,"Peki, Hiljson Mandela",HR,NULL
Circles,7,SAINt JHN,HR,NULL
Voice,57,Nucci,HR,NULL
Rodeo (Remix),9,"Lah Pat, Flo Milli",HR,NULL
KINGSTON,56,"Jala Brat, Buba Corelli",HR,NULL
Don't Play by the Rules,3,"D.T.E, PREZIOSO",HR,NULL
BLUR,55,"Jala Brat, Buba Corelli",HR,NULL
Standard,6,"Einar, A36",HR,NULL
Fantazija,55,"Gr≈°e, Miach",HR,NULL
–û–Ω–∞ –ª—é–±–∏–ª–∞ –º—É–∑—ã–∫—É,0,"Dima Bilan, Nataliya Vlasova",HR,NULL
MAKAROV,56,"Jala Brat, Buba Corelli",HR,NULL
Gyal Dem Time (feat. Teejay),0,"Shaggy, Teejay",HR,NULL
Mangio Pasta,53,"Peki, Gr≈°e",HR,NULL
Delli (feat. Adel),0,"Ricky Rich, Adel",HR,NULL
≈Ωrla Frla,53,"Crni Cerak, Cunami Flo, Neloe",HR,NULL
EA2 (The Beginning of the Era),1,Lil Uzi Vert,HR,NULL
Ganga i Rera,49,"Peki, Vojko V",HR,NULL
Little Window - Live Studio Session,3,FINNEAS,HR,NULL
Forza,53,Gr≈°e,HR,NULL
Bank of Wildflowers (feat. Georgia),0,"William Orbit, Georgia",HR,NULL
Led,50,"Miach, Gr≈°e",HR,NULL
Passenger Princess,5,"Amin√©, Smino",HR,NULL
Ako ne zna≈° ≈°ta je bilo,49,"Marko Perkoviƒá Thompson, Hrvatske ru≈æe",HR,NULL
Last Night In Kingston,3,Konan,HR,NULL
Die With A Smile,96,"Lady Gaga, Bruno Mars",HR,NULL
Party Jumpin‚Äô,3,"Jamie Brown, Marshmello",HR,NULL
Ankaran,51,"Hiljson Mandela, Biba",HR,NULL
Babylon - Live,3,Tamino,HR,NULL
Japan,53,"Jala Brat, Buba Corelli",HR,NULL
DUMBAI,1,"CA7RIEL & Paco Amoroso, CA7RIEL, Paco Amoroso",HR,NULL
7ICE,53,"Sajfer, Jala Brat, Buba Corelli",HR,NULL
Dead Flowers,0,Boldy James,HR,NULL
Palme,51,"Ano, Mili",HR,NULL
Rid Of Me - Live,3,Still Woozy,HR,NULL
KISS,45,Baks,HR,NULL
Family Feud - Live at The Ford,2,FINNEAS,HR,NULL
Die With A Smile,96,"Lady Gaga, Bruno Mars",BA,NULL
Circles,7,SAINt JHN,BA,NULL
BIRDS OF A FEATHER,93,Billie Eilish,BA,NULL
04:30,7,"Haze, Mucco",BA,NULL
Not Like Us,92,Kendrick Lamar,BA,NULL
That‚Äôs So True - Live From Radio City Music Hall,19,Gracie Abrams,BA,NULL
That‚Äôs So True,92,Gracie Abrams,BA,NULL
Passenger Princess,5,"Amin√©, Smino",BA,NULL
Clean Baby Sleep White Noise (Loopable),91,"Dream Supplier, Baby Sleeps, Background White Noise",BA,NULL
Hurt,11,OneRepublic,BA,NULL
APT.,91,"ROS√â, Bruno Mars",BA,NULL
123 (feat. Yasin),2,"Cherrie, Yasin",BA,NULL
tv off (feat. lefty gunplay),90,"Kendrick Lamar, Lefty Gunplay",BA,NULL
EA2 (The Beginning of the Era),1,Lil Uzi Vert,BA,NULL
WILDFLOWER,90,Billie Eilish,BA,NULL
"Rachmaninov: Rhapsody on a Theme of Paganini, Op. 43: Variation 18 (Andante cantabile)",3,"Sergei Rachmaninoff, Martin James Bartlett, Joshua Weilerstein, London Philharmonic Orchestra",BA,NULL
Sailor Song,89,Gigi Perez,BA,NULL
Rodeo (Remix),9,"Lah Pat, Flo Milli",BA,NULL
"Good Luck, Babe!",89,Chappell Roan,BA,NULL
Horror Story,0,"Tay Savage, Rah Swish",BA,NULL
luther (with sza),89,"Kendrick Lamar, SZA",BA,NULL
Babylon - Live,3,Tamino,BA,NULL
luther (with sza),88,"Kendrick Lamar, SZA",BA,NULL
Yasak A≈ük / A≈ük-ƒ± Memnu - Live,0,"Toygar I≈üƒ±klƒ±, Break of Reality",BA,NULL
DENIAL IS A RIVER,88,Doechii,BA,NULL
Dead Flowers,0,Boldy James,BA,NULL
Si Antes Te Hubiera Conocido,88,KAROL G,BA,NULL
Family Feud - Live at The Ford,2,FINNEAS,BA,NULL
APT.,87,"ROS√â, Bruno Mars",BA,NULL
Postcards - Acoustic Version,1,Mackenzy Mackay,BA,NULL
squabble up,87,Kendrick Lamar,BA,NULL
Aimer √† moiti√©,2,Calema,BA,NULL
Timeless (feat. Playboi Carti),87,"The Weeknd, Playboi Carti",BA,NULL
Kalt wie Eis (feat. Tommy),0,"Ciro, Tommy",BA,NULL
"One Of The Girls (with JENNIE, Lily Rose Depp)",87,"The Weeknd, JENNIE, Lily-Rose Depp",BA,NULL
Lindo Momento,22,Julliany Souza,BA,NULL
Like Him (feat. Lola Young),87,"Tyler, The Creator, Lola Young",BA,NULL
All We Got (feat. KIDDO),15,"Robin Schulz, KIDDO",BA,NULL
Messy,86,Lola Young,BA,NULL
Seu Astral / Mist√©rios,12,Fiorella,BA,NULL
blue,86,yung kai,BA,NULL
Risk - Live From The Tonight Show With Jimmy Fallon,8,Gracie Abrams,BA,NULL
Qu√© Pasar√≠a...,86,"Rauw Alejandro, Bad Bunny",BA,NULL
Selfmade Babylon,7,"Bausa, Bozza",BA,NULL
Taste,86,Sabrina Carpenter,BA,NULL
Standard,6,"Einar, A36",BA,NULL
Loco,86,Neton Vega,BA,NULL
Tussi Code Mari,5,"Marcianeke, Crismj",BA,NULL
Who,86,Jimin,BA,NULL
Pasatiempo,5,"La China, ECKO",BA,NULL
Die With A Smile,96,"Lady Gaga, Bruno Mars",ME,NULL
That‚Äôs So True - Live From Radio City Music Hall,19,Gracie Abrams,ME,NULL
BIRDS OF A FEATHER,93,Billie Eilish,ME,NULL
All We Got (feat. KIDDO),15,"Robin Schulz, KIDDO",ME,NULL
Not Like Us,92,Kendrick Lamar,ME,NULL
Delli (feat. Adel),0,"Ricky Rich, Adel",ME,NULL
That‚Äôs So True,92,Gracie Abrams,ME,NULL
123 (feat. Yasin),2,"Cherrie, Yasin",ME,NULL
Clean Baby Sleep White Noise (Loopable),91,"Dream Supplier, Baby Sleeps, Background White Noise",ME,NULL
Hurt,11,OneRepublic,ME,NULL
APT.,91,"ROS√â, Bruno Mars",ME,NULL
ÂÉï„ÅØÈ†ëÂºµ„Çã„Çà„Å£ feat. ano,1,"Shinsei Kamattechan, Ano",ME,NULL
tv off (feat. lefty gunplay),90,"Kendrick Lamar, Lefty Gunplay",ME,NULL
Babylon - Live,3,Tamino,ME,NULL
WILDFLOWER,90,Billie Eilish,ME,NULL
Circles,7,SAINt JHN,ME,NULL
Sailor Song,89,Gigi Perez,ME,NULL
"J.S. Bach: Violin Partita No. 2 in D Minor, BWV 1004 - I. Allemanda",3,"Johann Sebastian Bach, Carolin Widmann",ME,NULL
"Good Luck, Babe!",89,Chappell Roan,ME,NULL
EA2 (The Beginning of the Era),1,Lil Uzi Vert,ME,NULL
luther (with sza),89,"Kendrick Lamar, SZA",ME,NULL
BABY GANGSTA,1,"CA7RIEL & Paco Amoroso, CA7RIEL, Paco Amoroso",ME,NULL
luther (with sza),88,"Kendrick Lamar, SZA",ME,NULL
DUMBAI,1,"CA7RIEL & Paco Amoroso, CA7RIEL, Paco Amoroso",ME,NULL
DENIAL IS A RIVER,88,Doechii,ME,NULL
Uzi The Earthling! (TV Show Theme),0,Lil Uzi Vert,ME,NULL
Si Antes Te Hubiera Conocido,88,KAROL G,ME,NULL
Ti voglio richiamare,0,"Yanomi, blame, Chakra",ME,NULL
APT.,87,"ROS√â, Bruno Mars",ME,NULL
Lindo Momento,22,Julliany Souza,ME,NULL
squabble up,87,Kendrick Lamar,ME,NULL
Seu Astral / Mist√©rios,12,Fiorella,ME,NULL
Timeless (feat. Playboi Carti),87,"The Weeknd, Playboi Carti",ME,NULL
Rodeo (Remix),9,"Lah Pat, Flo Milli",ME,NULL
"One Of The Girls (with JENNIE, Lily Rose Depp)",87,"The Weeknd, JENNIE, Lily-Rose Depp",ME,NULL
Risk - Live From The Tonight Show With Jimmy Fallon,8,Gracie Abrams,ME,NULL
Like Him (feat. Lola Young),87,"Tyler, The Creator, Lola Young",ME,NULL
04:30,7,"Haze, Mucco",ME,NULL
Messy,86,Lola Young,ME,NULL
Selfmade Babylon,7,"Bausa, Bozza",ME,NULL
blue,86,yung kai,ME,NULL
Standard,6,"Einar, A36",ME,NULL
Qu√© Pasar√≠a...,86,"Rauw Alejandro, Bad Bunny",ME,NULL
Passenger Princess,5,"Amin√©, Smino",ME,NULL
Taste,86,Sabrina Carpenter,ME,NULL
Tussi Code Mari,5,"Marcianeke, Crismj",ME,NULL
Loco,86,Neton Vega,ME,NULL
Pasatiempo,5,"La China, ECKO",ME,NULL
Who,86,Jimin,ME,NULL
Das riecht gut / √áa Sent Bon,4,"Team Karacho, Roger Rekless",ME,NULL
Die With A Smile,96,"Lady Gaga, Bruno Mars",AL,NULL
That‚Äôs So True - Live From Radio City Music Hall,19,Gracie Abrams,AL,NULL
BIRDS OF A FEATHER,93,Billie Eilish,AL,NULL
Hurt,11,OneRepublic,AL,NULL
Not Like Us,92,Kendrick Lamar,AL,NULL
Seu Astral / Mist√©rios,12,Fiorella,AL,NULL
That‚Äôs So True,92,Gracie Abrams,AL,NULL
Risk - Live From The Tonight Show With Jimmy Fallon,8,Gracie Abrams,AL,NULL
Clean Baby Sleep White Noise (Loopable),91,"Dream Supplier, Baby Sleeps, Background White Noise",AL,NULL
Circles,7,SAINt JHN,AL,NULL
APT.,91,"ROS√â, Bruno Mars",AL,NULL
04:30,7,"Haze, Mucco",AL,NULL
tv off (feat. lefty gunplay),90,"Kendrick Lamar, Lefty Gunplay",AL,NULL
Tussi Code Mari,5,"Marcianeke, Crismj",AL,NULL
WILDFLOWER,90,Billie Eilish,AL,NULL
Das riecht gut / √áa Sent Bon,4,"Team Karacho, Roger Rekless",AL,NULL
Sailor Song,89,Gigi Perez,AL,NULL
Babylon - Live,3,Tamino,AL,NULL
"Good Luck, Babe!",89,Chappell Roan,AL,NULL
Happier Than Ever - Live From Disney‚Äôs Happier Than Ever/A Love Letter to Los Angeles,2,Billie Eilish,AL,NULL
luther (with sza),89,"Kendrick Lamar, SZA",AL,NULL
Little Window - Live Studio Session,3,FINNEAS,AL,NULL
luther (with sza),88,"Kendrick Lamar, SZA",AL,NULL
"J.S. Bach: Violin Partita No. 2 in D Minor, BWV 1004 - I. Allemanda",3,"Johann Sebastian Bach, Carolin Widmann",AL,NULL
DENIAL IS A RIVER,88,Doechii,AL,NULL
Rid Of Me - Live,3,Still Woozy,AL,NULL
Si Antes Te Hubiera Conocido,88,KAROL G,AL,NULL
TV - Live From Singapore‚Äôs Cloud Forest,2,Billie Eilish,AL,NULL
APT.,87,"ROS√â, Bruno Mars",AL,NULL
Last Night In Kingston,3,Konan,AL,NULL
squabble up,87,Kendrick Lamar,AL,NULL
I Ain't Sayin' - Performance,2,Jordan Davis,AL,NULL
Timeless (feat. Playboi Carti),87,"The Weeknd, Playboi Carti",AL,NULL
Party Jumpin‚Äô,3,"Jamie Brown, Marshmello",AL,NULL
"One Of The Girls (with JENNIE, Lily Rose Depp)",87,"The Weeknd, JENNIE, Lily-Rose Depp",AL,NULL
Family Feud - Live at The Ford,2,FINNEAS,AL,NULL
Like Him (feat. Lola Young),87,"Tyler, The Creator, Lola Young",AL,NULL
Aimer √† moiti√©,2,Calema,AL,NULL
Messy,86,Lola Young,AL,NULL
Cono Hielo,1,"CA7RIEL & Paco Amoroso, CA7RIEL, Paco Amoroso",AL,NULL
blue,86,yung kai,AL,NULL
Qu√© Pasar√≠a...,86,"Rauw Alejandro, Bad Bunny",AL,NULL
DUMBAI,1,"CA7RIEL & Paco Amoroso, CA7RIEL, Paco Amoroso",AL,NULL
Taste,86,Sabrina Carpenter,AL,NULL
Pode Ir Embora / Vagalumes / Tr√¢nsito Parado,1,Fiorella,AL,NULL
Loco,86,Neton Vega,AL,NULL
Na Nossa Sala / Amor e Amor - Ao Vivo,1,"Rodriguinho, Gaab, Mr. Dan",AL,NULL
Who,86,Jimin,AL,NULL
Vamos Fugir / Aqui √â O Seu Lugar,1,Fiorella,AL,NULL
DOLCE GABBANA,63,"TOQUEL, FLY LO, Beyond",GR,NULL
That‚Äôs So True - Live From Radio City Music Hall,19,Gracie Abrams,GR,NULL
Gia Sena,63,"Saske, Grandbois, Th Mark",GR,NULL
Circles,7,SAINt JHN,GR,NULL
ILEGAL,63,"TOQUEL, FLY LO, Beyond",GR,NULL
Dead Flowers,0,Boldy James,GR,NULL
TAMAM,62,"RACK, Sin Laurent",GR,NULL
Hurt,11,OneRepublic,GR,NULL
MOU ZITAS,61,"TOQUEL, FLY LO, Beyond",GR,NULL
"Rachmaninov: Rhapsody on a Theme of Paganini, Op. 43: Variation 18 (Andante cantabile)",3,"Sergei Rachmaninoff, Martin James Bartlett, Joshua Weilerstein, London Philharmonic Orchestra",GR,NULL
AUTOS,61,Sicario,GR,NULL
Passenger Princess,5,"Amin√©, Smino",GR,NULL
SHOOTER ME TN,60,RACK,GR,NULL
Risk - Live From The Tonight Show With Jimmy Fallon,8,Gracie Abrams,GR,NULL
PELIGROSA,60,"TOQUEL, FLY LO, Beyond",GR,NULL
Rodeo (Remix),9,"Lah Pat, Flo Milli",GR,NULL
Xiliometra,60,APON,GR,NULL
TV - Live From Singapore‚Äôs Cloud Forest,2,Billie Eilish,GR,NULL
Alitiki Agapi,59,"LEX, Dof Twogee",GR,NULL
Happier Than Ever - Live From Disney‚Äôs Happier Than Ever/A Love Letter to Los Angeles,2,Billie Eilish,GR,NULL
Nyxterides,59,"LEX, Dof Twogee",GR,NULL
Babylon - Live,3,Tamino,GR,NULL
Normal,59,Roi 6/12,GR,NULL
RESPECT MY MOOD (Official Music Video),0,"DUSTY LOCANE, J Hound",GR,NULL
Kataramenos,58,Roi 6/12,GR,NULL
EA2 (The Beginning of the Era),1,Lil Uzi Vert,GR,NULL
Xeiroteri Genia,58,"LEX, Dof Twogee",GR,NULL
Vivien,1,‚Ä†‚Ä†‚Ä† (Crosses),GR,NULL
MA BELLA,58,"RACK, TOQUEL, Beyond",GR,NULL
04:30,7,"Haze, Mucco",GR,NULL
Petheno,58,Roi 6/12,GR,NULL
All We Got (feat. KIDDO),15,"Robin Schulz, KIDDO",GR,NULL
Frena,57,Roi 6/12,GR,NULL
Little Window - Live Studio Session,3,FINNEAS,GR,NULL
ISOS,58,Sicario,GR,NULL
"J.S. Bach: Violin Partita No. 2 in D Minor, BWV 1004 - I. Allemanda",3,"Johann Sebastian Bach, Carolin Widmann",GR,NULL
ODIGAO STIN VROXI,56,"TOQUEL, FLY LO, Beyond, Mike G, Ioannis",GR,NULL
Don't Play by the Rules,3,"D.T.E, PREZIOSO",GR,NULL
ANATOLI,57,Marina Satti,GR,NULL
FAKE - BRITs 2022 Rising Star Live Session,1,Lola Young,GR,NULL
Skoni,56,TOQUEL,GR,NULL
Das riecht gut / √áa Sent Bon,4,"Team Karacho, Roger Rekless",GR,NULL
Se Periptosi Pou,57,Anna Vissi,GR,NULL
Chapa,0,"JACASVI, lil Matt",GR,NULL
Vorias,57,APON,GR,NULL
Family Feud - Live at The Ford,2,FINNEAS,GR,NULL
Feggari,56,APON,GR,NULL
123 (feat. Yasin),2,"Cherrie, Yasin",GR,NULL
Die With A Smile,96,"Lady Gaga, Bruno Mars",GR,NULL
Standard,6,"Einar, A36",GR,NULL
Die With A Smile,96,"Lady Gaga, Bruno Mars",MT,NULL
Hurt,11,OneRepublic,MT,NULL
BIRDS OF A FEATHER,93,Billie Eilish,MT,NULL
That‚Äôs So True - Live From Radio City Music Hall,19,Gracie Abrams,MT,NULL
That‚Äôs So True,92,Gracie Abrams,MT,NULL
Not Like Us,92,Kendrick Lamar,MT,NULL
Don't Play by the Rules,3,"D.T.E, PREZIOSO",MT,NULL
APT.,91,"ROS√â, Bruno Mars",MT,NULL
Circles,7,SAINt JHN,MT,NULL
"Good Luck, Babe!",89,Chappell Roan,MT,NULL
"Rachmaninov: Rhapsody on a Theme of Paganini, Op. 43: Variation 18 (Andante cantabile)",3,"Sergei Rachmaninoff, Martin James Bartlett, Joshua Weilerstein, London Philharmonic Orchestra",MT,NULL
tv off (feat. lefty gunplay),90,"Kendrick Lamar, Lefty Gunplay",MT,NULL
Risk - Live From The Tonight Show With Jimmy Fallon,8,Gracie Abrams,MT,NULL
Sailor Song,89,Gigi Perez,MT,NULL
Elixir,1,Tommy Saint,MT,NULL
I Adore You (feat. Daecolm),80,"HUGEL, Topic, Arash, Daecolm",MT,NULL
All We Got (feat. KIDDO),15,"Robin Schulz, KIDDO",MT,NULL
Messy,86,Lola Young,MT,NULL
Standard,6,"Einar, A36",MT,NULL
WILDFLOWER,90,Billie Eilish,MT,NULL
–û–Ω–∞ –ª—é–±–∏–ª–∞ –º—É–∑—ã–∫—É,0,"Dima Bilan, Nataliya Vlasova",MT,NULL
Lose Control,85,Teddy Swims,MT,NULL
Party Jumpin‚Äô,3,"Jamie Brown, Marshmello",MT,NULL
Timeless (feat. Playboi Carti),87,"The Weeknd, Playboi Carti",MT,NULL
Rid Of Me - Live,3,Still Woozy,MT,NULL
DENIAL IS A RIVER,88,Doechii,MT,NULL
Passenger Princess,5,"Amin√©, Smino",MT,NULL
Too Sweet,80,Hozier,MT,NULL
EA2 (The Beginning of the Era),1,Lil Uzi Vert,MT,NULL
Beautiful Things,85,Benson Boone,MT,NULL
Little Window - Live Studio Session,3,FINNEAS,MT,NULL
The Door,82,Teddy Swims,MT,NULL
Last Night In Kingston,3,Konan,MT,NULL
APT.,87,"ROS√â, Bruno Mars",MT,NULL
Family Feud - Live at The Ford,2,FINNEAS,MT,NULL
ME JALO,85,"Fuerza Regida, Grupo Frontera",MT,NULL
Vivien,1,‚Ä†‚Ä†‚Ä† (Crosses),MT,NULL
Move,80,"Adam Port, Stryv, Keinemusik, Orso, Malachiii",MT,NULL
Cono Hielo,1,"CA7RIEL & Paco Amoroso, CA7RIEL, Paco Amoroso",MT,NULL
luther (with sza),89,"Kendrick Lamar, SZA",MT,NULL
Tuck Your Chain,0,"Money Man, Danny Towers",MT,NULL
Messy,84,Lola Young,MT,NULL
Postcards - Acoustic Version,1,Mackenzy Mackay,MT,NULL
Stumblin' In,80,CYRIL,MT,NULL
Rodeo (Remix),9,"Lah Pat, Flo Milli",MT,NULL
Taste,86,Sabrina Carpenter,MT,NULL
DUMBAI,1,"CA7RIEL & Paco Amoroso, CA7RIEL, Paco Amoroso",MT,NULL
"I Love You, I'm Sorry",85,Gracie Abrams,MT,NULL
BABY GANGSTA,1,"CA7RIEL & Paco Amoroso, CA7RIEL, Paco Amoroso",MT,NULL
Die With A Smile,96,"Lady Gaga, Bruno Mars",CY,NULL
That‚Äôs So True - Live From Radio City Music Hall,19,Gracie Abrams,CY,NULL
DOLCE GABBANA,63,"TOQUEL, FLY LO, Beyond",CY,NULL
Hurt,11,OneRepublic,CY,NULL
ILEGAL,63,"TOQUEL, FLY LO, Beyond",CY,NULL
Circles,7,SAINt JHN,CY,NULL
Alitiki Agapi,59,"LEX, Dof Twogee",CY,NULL
Family Feud - Live at The Ford,2,FINNEAS,CY,NULL
Xiliometra,60,APON,CY,NULL
La Carta Que Nunca Te Escrib√≠ - Remix,0,"Lu Decker, Dudi",CY,NULL
Gia Sena,63,"Saske, Grandbois, Th Mark",CY,NULL
Rodeo (Remix),9,"Lah Pat, Flo Milli",CY,NULL
MOU ZITAS,61,"TOQUEL, FLY LO, Beyond",CY,NULL
Standard,6,"Einar, A36",CY,NULL
BIRDS OF A FEATHER,93,Billie Eilish,CY,NULL
All We Got (feat. KIDDO),15,"Robin Schulz, KIDDO",CY,NULL
Xeiroteri Genia,58,"LEX, Dof Twogee",CY,NULL
FAKE - BRITs 2022 Rising Star Live Session,1,Lola Young,CY,NULL
TAMAM,62,"RACK, Sin Laurent",CY,NULL
Little Window - Live Studio Session,3,FINNEAS,CY,NULL
Not Like Us,92,Kendrick Lamar,CY,NULL
EA2 (The Beginning of the Era),1,Lil Uzi Vert,CY,NULL
Se Periptosi Pou,57,Anna Vissi,CY,NULL
Party Jumpin‚Äô,3,"Jamie Brown, Marshmello",CY,NULL
PELIGROSA,60,"TOQUEL, FLY LO, Beyond",CY,NULL
ILMSY (MOVES),0,Rotimi,CY,NULL
Nyxterides,59,"LEX, Dof Twogee",CY,NULL
Passenger Princess,5,"Amin√©, Smino",CY,NULL
AUTOS,61,Sicario,CY,NULL
Last Night In Kingston,3,Konan,CY,NULL
SHOOTER ME TN,60,RACK,CY,NULL
–û–Ω–∞ –ª—é–±–∏–ª–∞ –º—É–∑—ã–∫—É,0,"Dima Bilan, Nataliya Vlasova",CY,NULL
ISOS,58,Sicario,CY,NULL
–ú–æ—Ç—ã–ª—å–∫–∏,0,"Glukoza, KYIVSTONER",CY,NULL
ANATOLI,57,Marina Satti,CY,NULL
Babylon - Live,3,Tamino,CY,NULL
WILDFLOWER,90,Billie Eilish,CY,NULL
04:30,7,"Haze, Mucco",CY,NULL
MA BELLA,58,"RACK, TOQUEL, Beyond",CY,NULL
Tuck Your Chain,0,"Money Man, Danny Towers",CY,NULL
That‚Äôs So True,92,Gracie Abrams,CY,NULL
Ghosts / Slowing Down,0,Scarlet House,CY,NULL
Vorias,57,APON,CY,NULL
Animals in the Ocean,0,Blippi,CY,NULL
tv off (feat. lefty gunplay),90,"Kendrick Lamar, Lefty Gunplay",CY,NULL
Uzi The Earthling! (TV Show Theme),0,Lil Uzi Vert,CY,NULL
Normal,59,Roi 6/12,CY,NULL
Cancelaram o Carnaval,0,"POCAH, HITMAKER",CY,NULL
Feggari,56,APON,CY,NULL
DUMBAI,1,"CA7RIEL & Paco Amoroso, CA7RIEL, Paco Amoroso",CY,NULL
